boss/deliverables/.gitkeep	0	1759848692
boss/dropbox/.gitkeep	0	1759848692
boss/inbox/.gitkeep	0	1759848692
boss/inbox/REPORT_2025-10-03_launchagent_audit.md	5362	1759848692
boss/inbox/goal_20251001_200016_luka_upgrade_multi_prompt_nlu.md	3653	1759848692
boss/inbox/hello.md	13	1759848692
boss/legacy_parent/README.md	2278	1759215333
boss/legacy_parent/deliverables/report_20250930_201823_41858_8ce67986.md	587	1759238434
boss/legacy_parent/dropbox/.processing/ambiguous.test.md	68	1759237789
boss/legacy_parent/dropbox/.processing/selftest_20250930_172041_dangerous;rm-rf.txt	13	1759227641
boss/legacy_parent/dropbox/.processing/test_ambiguous.md	28	1759237983
boss/legacy_parent/dropbox/selftest_20250930_235928_dangerous;rm-rf.txt	13	1759251569
boss/legacy_parent/dropbox/selftest_20251001_001154_dangerous;rm-rf.txt	13	1759252315
boss/legacy_parent/dropbox/selftest_20251001_002222_dangerous;rm-rf.txt	13	1759252943
boss/legacy_parent/dropbox/selftest_20251001_003032_dangerous;rm-rf.txt	13	1759253432
boss/legacy_parent/dropbox/selftest_20251001_003343_dangerous;rm-rf.txt	13	1759253624
boss/legacy_parent/dropbox/selftest_20251001_003441_dangerous;rm-rf.txt	13	1759253682
boss/legacy_parent/dropbox/selftest_20251001_003713_dangerous;rm-rf.txt	13	1759253834
boss/legacy_parent/dropbox/selftest_20251001_003738_dangerous;rm-rf.txt	13	1759253859
boss/legacy_parent/dropbox/selftest_20251008_023005_dangerous;rm-rf.txt	13	1759865405
boss/legacy_parent/dropbox/selftest_20251008_023005_large.bin	10485760	1759865435
boss/legacy_parent/dropbox/selftest_20251008_023005_report.md	173	1759865435
boss/legacy_parent/dropbox/selftest_20251009_023005_dangerous;rm-rf.txt	13	1759951805
boss/legacy_parent/dropbox/selftest_20251009_023005_large.bin	10485760	1759951805
boss/legacy_parent/dropbox/selftest_20251009_023005_report.md	173	1759951805
boss/legacy_parent/dropbox/selftest_20251010_023005_dangerous;rm-rf.txt	13	1760038205
boss/legacy_parent/dropbox/selftest_20251010_023005_large.bin	10485760	1760038206
boss/legacy_parent/dropbox/selftest_20251010_023005_report.md	173	1760038206
boss/legacy_parent/dropbox/test_dangerous;rm-rf.txt	13	1759252055
boss/legacy_parent/inbox/hello.md	13	1759341680
boss/legacy_parent/inbox/nightly_selftest_ready.md	1633	1759237540
boss/legacy_parent/inbox/query_20250930_143443_80466_4557a1f7.md	0	1759217683
boss/legacy_parent/inbox/query_20250930_172041_88252_d3453339.md	0	1759227641
boss/legacy_parent/inbox/query_20250930_200407_93850_31feea97.md	2540	1759237449
boss/legacy_parent/inbox/query_20250930_200417_94469_a4e42775.md	2540	1759237464
boss/legacy_parent/inbox/query_20250930_200447_96144_92347578.md	2540	1759237497
boss/legacy_parent/inbox/query_20250930_200517_97951_346f09a4.md	2540	1759237523
boss/legacy_parent/inbox/query_20250930_200548_99471_4a765469.md	2540	1759237553
boss/legacy_parent/inbox/query_20250930_200618_825_65a639dc.md	2536	1759237578
boss/legacy_parent/inbox/query_20250930_200648_2316_9acab1da.md	2538	1759237620
boss/legacy_parent/inbox/query_20250930_200718_4359_f25955a6.md	2538	1759237651
boss/legacy_parent/inbox/query_20250930_200748_5931_2b314d8c.md	2538	1759237684
boss/legacy_parent/inbox/query_20250930_200819_7639_0b60e91a.md	2538	1759237700
boss/legacy_parent/inbox/query_20250930_200849_9221_f7c3a598.md	2538	1759237731
boss/legacy_parent/inbox/query_20250930_200920_10838_9351eb0a.md	2540	1759237761
boss/legacy_parent/inbox/query_20250930_200959_13016_3cf40546.md	0	1759237799
boss/legacy_parent/inbox/query_20250930_200959_13048_b54e545a.md	2540	1759237799
boss/legacy_parent/inbox/query_20250930_201029_14493_6ae743af.md	2540	1759237830
boss/legacy_parent/inbox/query_20250930_201059_15769_06bd3904.md	2540	1759237860
boss/legacy_parent/inbox/query_20250930_201129_17530_2a1a1d68.md	2540	1759237890
boss/legacy_parent/inbox/query_20250930_201159_19252_5f307215.md	2540	1759237920
boss/legacy_parent/inbox/query_20250930_201229_21344_30cfd64c.md	2540	1759237950
boss/legacy_parent/inbox/query_20250930_201259_22837_f939b23c.md	2540	1759237980
boss/legacy_parent/inbox/query_20250930_201310_23547_056ad371.md	2540	1759237991
boss/legacy_parent/inbox/query_20250930_201350_26071_b92c9b89.md	2526	1759238030
boss/legacy_parent/inbox/query_20250930_201420_28966_44996f89.md	2526	1759238062
boss/legacy_parent/inbox/query_20250930_201451_30658_88aa7496.md	2526	1759238092
boss/legacy_parent/inbox/query_20250930_201521_32232_4703babf.md	2526	1759238122
boss/legacy_parent/inbox/query_20250930_201551_33726_a476a222.md	2526	1759238153
boss/legacy_parent/inbox/query_20250930_201622_35225_a123a74a.md	2526	1759238183
boss/legacy_parent/inbox/query_20250930_201652_36745_7d79270a.md	2526	1759238213
boss/legacy_parent/inbox/query_20250930_201722_38268_c45a5a9d.md	2526	1759238243
boss/legacy_parent/inbox/query_20250930_201752_40267_15ac217d.md	2526	1759238273
boss/legacy_parent/inbox/query_20250930_201823_41858_8ce67986.md	2526	1759238304
boss/legacy_parent/inbox/query_20250930_201900_44049_4b27b470.md.tmp	0	1759238340
boss/legacy_parent/inbox/query_20250930_235928_34959_3b12e440.md	709	1759251569
boss/legacy_parent/inbox/query_20250930_235929_34982_e52e17c4.md	709	1759251569
boss/legacy_parent/inbox/query_20250930_235939_35635_762a5258.md	709	1759251580
boss/legacy_parent/inbox/query_20251001_000009_37163_dff853b0.md	709	1759251610
boss/legacy_parent/inbox/query_20251001_000039_38638_4180fbb0.md	709	1759251639
boss/legacy_parent/inbox/query_20251001_000109_40183_557804b3.md	709	1759251669
boss/legacy_parent/inbox/query_20251001_000139_41619_6f1b2847.md	709	1759251700
boss/legacy_parent/inbox/query_20251001_000209_42890_3c57630a.md	709	1759251730
boss/legacy_parent/inbox/query_20251001_000239_44225_6d6691b9.md	709	1759251760
boss/legacy_parent/inbox/query_20251001_000310_47298_49352e38.md	709	1759251792
boss/legacy_parent/inbox/query_20251001_000340_48757_b621755e.md	709	1759251821
boss/legacy_parent/inbox/query_20251001_000410_50774_bacfddca.md	709	1759251851
boss/legacy_parent/inbox/query_20251001_000440_52247_0ae16e65.md	709	1759251881
boss/legacy_parent/inbox/query_20251001_000510_53748_789c7e93.md	709	1759251911
boss/legacy_parent/inbox/query_20251001_000540_55229_a81b0a50.md	709	1759251941
boss/legacy_parent/inbox/query_20251001_000610_56733_e1f1a1f9.md	709	1759251971
boss/legacy_parent/inbox/query_20251001_000640_58214_805bfccf.md	709	1759252001
boss/legacy_parent/inbox/query_20251001_000710_59713_f26b3765.md	709	1759252031
boss/legacy_parent/inbox/query_20251001_000734_60772_fab34c0d.md	709	1759252055
boss/legacy_parent/inbox/query_20251001_000734_60798_1019a861.md	709	1759252055
boss/legacy_parent/inbox/query_20251001_000745_61361_b638b36c.md	709	1759252066
boss/legacy_parent/inbox/query_20251001_000815_62894_df23dde9.md	709	1759252096
boss/legacy_parent/inbox/query_20251001_000845_64385_b442f243.md	709	1759252126
boss/legacy_parent/inbox/query_20251001_000915_66610_95d6d625.md	709	1759252156
boss/legacy_parent/inbox/query_20251001_000946_68105_a330f8ea.md	709	1759252187
boss/legacy_parent/inbox/query_20251001_001016_69237_4a867e31.md	709	1759252217
boss/legacy_parent/inbox/query_20251001_001046_70750_b89a8f60.md	709	1759252247
boss/legacy_parent/inbox/query_20251001_001116_72326_d6ec5c88.md	709	1759252277
boss/legacy_parent/inbox/query_20251001_001146_73930_792c0b9d.md	709	1759252307
boss/legacy_parent/inbox/query_20251001_001154_74559_6a2144bc.md	709	1759252315
boss/legacy_parent/inbox/query_20251001_001157_74655_7aa6405b.md	709	1759252318
boss/legacy_parent/inbox/query_20251001_001227_76372_0cb62dfe.md	709	1759252348
boss/legacy_parent/inbox/query_20251001_001257_77981_9040dab5.md	709	1759252377
boss/legacy_parent/inbox/query_20251001_001327_81059_3b48e9ee.md	709	1759252409
boss/legacy_parent/inbox/query_20251001_001357_82669_e374a8ae.md	709	1759252438
boss/legacy_parent/inbox/query_20251001_001427_84617_b04d9842.md	709	1759252468
boss/legacy_parent/inbox/query_20251001_001458_85690_4f1e2a5f.md	709	1759252499
boss/legacy_parent/inbox/query_20251001_001528_87216_56f454d5.md	709	1759252529
boss/legacy_parent/inbox/query_20251001_001558_88712_0d6303c8.md	709	1759252559
boss/legacy_parent/inbox/query_20251001_001628_90229_f3c43a02.md	709	1759252588
boss/legacy_parent/inbox/query_20251001_001658_91725_0334564c.md	709	1759252618
boss/legacy_parent/inbox/query_20251001_001728_93282_db742f99.md	709	1759252649
boss/legacy_parent/inbox/query_20251001_001758_94774_345faf72.md	709	1759252679
boss/legacy_parent/inbox/query_20251001_001828_96332_f4c71deb.md	709	1759252709
boss/legacy_parent/inbox/query_20251001_001858_97783_9b540970.md	709	1759252739
boss/legacy_parent/inbox/query_20251001_001928_99444_4492c4c7.md	709	1759252769
boss/legacy_parent/inbox/query_20251001_001958_1240_f8671572.md	708	1759252799
boss/legacy_parent/inbox/query_20251001_002028_2809_586c9a08.md	708	1759252829
boss/legacy_parent/inbox/query_20251001_002058_4388_ac5b59bd.md	708	1759252858
boss/legacy_parent/inbox/query_20251001_002102_4435_d8e55b05.md	708	1759252863
boss/legacy_parent/inbox/query_20251001_002112_5088_c5468db2.md	708	1759252873
boss/legacy_parent/inbox/query_20251001_002117_5673_ef810d92.md	708	1759252878
boss/legacy_parent/inbox/query_20251001_002128_6416_8e18bb01.md	708	1759252889
boss/legacy_parent/inbox/query_20251001_002146_7678_77fc8929.md	708	1759252907
boss/legacy_parent/inbox/query_20251001_002158_8394_ab5edc70.md	708	1759252919
boss/legacy_parent/inbox/query_20251001_002222_9585_846296ef.md	708	1759252943
boss/legacy_parent/inbox/query_20251001_002222_9621_c6bb6e2d.md	708	1759252943
boss/legacy_parent/inbox/query_20251001_002233_10404_adbac8bc.md	709	1759252954
boss/legacy_parent/inbox/query_20251001_002303_12340_34c79093.md	709	1759252985
boss/legacy_parent/inbox/query_20251001_002334_15401_8b57baa0.md	709	1759253015
boss/legacy_parent/inbox/query_20251001_002404_17095_40d0f272.md	709	1759253044
boss/legacy_parent/inbox/query_20251001_002434_19127_e88ccffc.md	709	1759253075
boss/legacy_parent/inbox/query_20251001_002504_20477_7153cbd5.md	709	1759253105
boss/legacy_parent/inbox/query_20251001_002534_21850_f2d722c8.md	709	1759253135
boss/legacy_parent/inbox/query_20251001_002604_23499_540f326b.md	709	1759253164
boss/legacy_parent/inbox/query_20251001_002634_25075_22371815.md	709	1759253195
boss/legacy_parent/inbox/query_20251001_002704_26623_51b14ab9.md	709	1759253226
boss/legacy_parent/inbox/query_20251001_002735_28227_6afac49b.md	709	1759253255
boss/legacy_parent/inbox/query_20251001_002805_29766_3098e616.md	709	1759253286
boss/legacy_parent/inbox/query_20251001_002835_30940_ed39094f.md	709	1759253316
boss/legacy_parent/inbox/query_20251001_002905_32489_bcb2774f.md	709	1759253346
boss/legacy_parent/inbox/query_20251001_002935_34563_d53a4e6c.md	709	1759253375
boss/legacy_parent/inbox/query_20251001_003005_36117_d143933f.md	709	1759253406
boss/legacy_parent/inbox/query_20251001_003032_37750_596c6d47.md	709	1759253432
boss/legacy_parent/inbox/query_20251001_003032_37784_2b85ce34.md	709	1759253432
boss/legacy_parent/inbox/query_20251001_003042_38469_a3152c5d.md	709	1759253443
boss/legacy_parent/inbox/query_20251001_003112_39772_d00130c5.md	709	1759253474
boss/legacy_parent/inbox/query_20251001_003143_41288_08bd9104.md	709	1759253503
boss/legacy_parent/inbox/query_20251001_003213_42874_d3db61f6.md	709	1759253534
boss/legacy_parent/inbox/query_20251001_003243_44537_91ce6634.md	709	1759253564
boss/legacy_parent/inbox/query_20251001_003313_46145_373b2f5b.md	709	1759253594
boss/legacy_parent/inbox/query_20251001_003343_47802_9cf3182d.md	709	1759253624
boss/legacy_parent/inbox/query_20251001_003343_47827_0227a4b6.md	709	1759253624
boss/legacy_parent/inbox/query_20251001_003354_49705_6d2a5aeb.md	709	1759253634
boss/legacy_parent/inbox/query_20251001_003424_52460_6b0e2ce8.md	709	1759253665
boss/legacy_parent/inbox/query_20251001_003441_53306_45a09ded.md	709	1759253682
boss/legacy_parent/inbox/query_20251001_003442_53340_9b89bec3.md	709	1759253682
boss/legacy_parent/inbox/query_20251001_003452_53992_a81908de.md	709	1759253693
boss/legacy_parent/inbox/query_20251001_003514_55298_fb7c64ab.md	709	1759253715
boss/legacy_parent/inbox/query_20251001_003544_57078_fbb979da.md	709	1759253745
boss/legacy_parent/inbox/query_20251001_003614_58692_670f5b32.md	709	1759253775
boss/legacy_parent/inbox/query_20251001_003631_59448_4661ddd1.md	709	1759253791
boss/legacy_parent/inbox/query_20251001_003631_59498_fff1f8bd.md	709	1759253792
boss/legacy_parent/inbox/query_20251001_003701_61147_14e953f7.md	709	1759253822
boss/legacy_parent/inbox/query_20251001_003713_62383_0e88afb4.md	709	1759253834
boss/legacy_parent/inbox/query_20251001_003713_62415_2c10de47.md	709	1759253834
boss/legacy_parent/inbox/query_20251001_003723_62868_a6d1e06d.md	709	1759253844
boss/legacy_parent/inbox/query_20251001_003738_63891_14774150.md	709	1759253859
boss/legacy_parent/inbox/query_20251001_003738_63912_3ae262bf.md	709	1759253859
boss/legacy_parent/inbox/query_20251001_003748_64512_d67ed369.md	709	1759253869
boss/legacy_parent/inbox/query_20251001_003818_66166_55de6ec4.md	709	1759253899
boss/legacy_parent/inbox/query_20251001_003848_67803_119aa167.md	709	1759253929
boss/legacy_parent/inbox/query_20251001_003918_69172_3bb2afc1.md	709	1759253959
boss/legacy_parent/inbox/query_20251001_003948_71049_31074276.md	709	1759253989
boss/legacy_parent/inbox/query_20251001_004018_72680_31bd00bb.md	709	1759254019
boss/legacy_parent/inbox/query_20251001_004049_74254_88fda062.md	709	1759254050
boss/legacy_parent/inbox/query_20251001_004119_75924_45e01303.md	709	1759254080
boss/legacy_parent/inbox/query_20251001_004149_77533_0e63220c.md	709	1759254110
boss/legacy_parent/inbox/query_20251001_004219_79161_6bc2ba08.md	709	1759254139
boss/legacy_parent/inbox/query_20251001_004249_80764_d07ffdfa.md	709	1759254170
boss/legacy_parent/inbox/query_20251001_004319_82064_2c99d723.md	709	1759254203
boss/legacy_parent/inbox/query_20251001_004349_83694_6eb2eed9.md	709	1759254230
boss/legacy_parent/inbox/query_20251001_004419_86469_082713f8.md	709	1759254260
boss/legacy_parent/inbox/query_20251001_004450_89140_1c375ac1.md	709	1759254291
boss/legacy_parent/inbox/query_20251001_004520_90810_df8fb171.md	709	1759254321
boss/legacy_parent/inbox/query_20251001_004550_92417_079d0fff.md	709	1759254351
boss/legacy_parent/inbox/query_20251001_004620_94096_e273cfd2.md	709	1759254380
boss/legacy_parent/inbox/query_20251001_004650_95422_ff0a3658.md	709	1759254411
boss/legacy_parent/inbox/query_20251001_004720_96869_c1766f01.md	709	1759254441
boss/legacy_parent/inbox/query_20251001_004750_98613_2e5eeb45.md	709	1759254472
boss/legacy_parent/inbox/query_20251001_004821_622_138841fa.md	707	1759254502
boss/legacy_parent/inbox/query_20251001_004851_2288_4dc688cc.md	708	1759254532
boss/legacy_parent/inbox/query_20251001_004853_2363_1dbe66a8.md	708	1759254534
boss/legacy_parent/inbox/query_20251001_004856_2814_5d01f4ad.md	708	1759254536
boss/legacy_parent/inbox/query_20251001_004902_3007_4601f783.md	708	1759254542
boss/legacy_parent/inbox/query_20251001_004932_5051_eba35f13.md	708	1759254573
boss/legacy_parent/inbox/query_20251001_004936_5426_f4adc6ac.md	708	1759254577
boss/legacy_parent/inbox/query_20251001_004938_5649_6d57ccf3.md	708	1759254579
boss/legacy_parent/inbox/query_20251001_004943_6216_524ec59f.md	708	1759254584
boss/legacy_parent/inbox/query_20251001_005013_7982_edbc3755.md	708	1759254614
boss/legacy_parent/inbox/query_20251001_005043_9666_1cf4bc77.md	708	1759254644
boss/legacy_parent/inbox/query_20251001_005113_10973_b43deef7.md	709	1759254674
boss/legacy_parent/inbox/query_20251001_005143_12545_4c8e7d31.md	709	1759254704
boss/legacy_parent/inbox/query_20251001_005213_14222_d18e64f9.md	709	1759254734
boss/legacy_parent/inbox/query_20251001_005243_15834_35f66c2a.md	709	1759254764
boss/legacy_parent/inbox/query_20251001_005313_17471_731385cf.md	709	1759254794
boss/legacy_parent/inbox/query_20251001_005343_19117_e4329906.md	709	1759254825
boss/legacy_parent/inbox/query_20251001_005414_20923_eff999d2.md	709	1759254854
boss/legacy_parent/inbox/query_20251001_005444_23956_38cd931d.md	709	1759254884
boss/legacy_parent/inbox/query_20251001_005514_25913_f5cff025.md	709	1759254915
boss/legacy_parent/inbox/query_20251001_005544_27539_ab42153f.md	709	1759254945
boss/legacy_parent/inbox/query_20251001_005614_29305_df273e20.md	709	1759254975
boss/legacy_parent/inbox/query_20251001_005644_30953_52eb252f.md	709	1759255005
boss/legacy_parent/inbox/query_20251001_005714_32712_14b889c8.md	709	1759255035
boss/legacy_parent/inbox/query_20251001_005744_34378_dc7a2892.md	709	1759255064
boss/legacy_parent/inbox/query_20251001_005814_35633_c3dc7bcd.md	709	1759255095
boss/legacy_parent/inbox/query_20251001_005844_37250_11d4f4a9.md	709	1759255126
boss/legacy_parent/inbox/query_20251001_005914_38986_9d60883d.md	709	1759255156
boss/legacy_parent/inbox/query_20251001_005945_40725_e07d2e0a.md	709	1759255186
boss/legacy_parent/inbox/query_20251001_010015_42857_a6f873f9.md	709	1759255216
boss/legacy_parent/inbox/query_20251001_010045_44465_2e1c68c1.md	709	1759255246
boss/legacy_parent/inbox/query_20251001_010115_46234_61986d51.md	709	1759255276
boss/legacy_parent/inbox/query_20251001_010145_48031_617d3883.md	709	1759255307
boss/legacy_parent/inbox/query_20251001_010216_49315_42fa6dc8.md	709	1759255337
boss/legacy_parent/inbox/query_20251001_010246_50958_52e54ee9.md	709	1759255367
boss/legacy_parent/inbox/query_20251001_010316_52641_cd396797.md	709	1759255397
boss/legacy_parent/inbox/query_20251001_010346_54263_71032149.md	709	1759255427
boss/legacy_parent/inbox/query_20251001_010416_55990_99c63d21.md	709	1759255457
boss/legacy_parent/inbox/query_20251001_010446_57596_3ee6f182.md	709	1759255487
boss/legacy_parent/inbox/query_20251001_010516_61348_a18478c7.md	709	1759255517
boss/legacy_parent/inbox/query_20251001_010546_62954_a50d21af.md	709	1759255547
boss/legacy_parent/inbox/query_20251001_010616_64404_093a1ec7.md	709	1759255577
boss/legacy_parent/inbox/query_20251001_010646_65922_8b26f2a4.md	709	1759255607
boss/legacy_parent/inbox/query_20251001_010716_67718_9d43cefa.md	709	1759255637
boss/legacy_parent/inbox/query_20251001_010746_69392_fa24816e.md	709	1759255668
boss/legacy_parent/inbox/query_20251001_010817_71115_279472dd.md	709	1759255698
boss/legacy_parent/inbox/query_20251001_010847_72737_c5c56a28.md	709	1759255727
boss/legacy_parent/inbox/query_20251001_010917_74423_f0eafe99.md	709	1759255757
boss/legacy_parent/inbox/query_20251001_010947_75754_ab2eb9b5.md	709	1759255788
boss/legacy_parent/inbox/query_20251001_011017_77817_cd1572fd.md	709	1759255818
boss/legacy_parent/inbox/query_20251001_011047_79477_d331f496.md	709	1759255848
boss/legacy_parent/inbox/query_20251001_011117_81270_42d70024.md	709	1759255878
boss/legacy_parent/inbox/query_20251001_011147_82878_6a778e24.md	709	1759255908
boss/legacy_parent/inbox/query_20251001_011217_84584_714e9c4e.md	709	1759255938
boss/legacy_parent/inbox/query_20251001_011247_86230_233f2429.md	709	1759255968
boss/legacy_parent/inbox/query_20251001_011318_87934_cadfdee6.md	709	1759255999
boss/legacy_parent/inbox/query_20251001_011348_89529_9fcf5e17.md	709	1759256029
boss/legacy_parent/inbox/query_20251001_011418_90872_67888e36.md	709	1759256060
boss/legacy_parent/inbox/query_20251001_011449_92501_65f29d4e.md	709	1759256090
boss/legacy_parent/inbox/query_20251001_011519_96257_b5b783b4.md	709	1759256123
boss/legacy_parent/inbox/query_20251001_011549_97925_ef6a6023.md	709	1759256149
boss/legacy_parent/inbox/query_20251001_011619_99622_08f70fa1.md	709	1759256180
boss/legacy_parent/inbox/query_20251001_011649_1572_107ec4a7.md	708	1759256210
boss/legacy_parent/inbox/query_20251001_011720_3301_b6316cfa.md	708	1759256241
boss/legacy_parent/inbox/query_20251001_011750_4955_a0b6fec9.md	708	1759256271
boss/legacy_parent/inbox/query_20251001_011820_6658_ab1d203e.md	708	1759256301
boss/legacy_parent/inbox/query_20251001_011850_8270_13bed097.md	708	1759256331
boss/legacy_parent/inbox/query_20251001_011920_9643_d6d9b099.md	708	1759256360
boss/legacy_parent/inbox/query_20251001_011950_10455_ed6aba1d.md	709	1759256390
boss/legacy_parent/inbox/query_20251001_012020_11332_2e165248.md	709	1759256421
boss/legacy_parent/inbox/query_20251001_012050_13425_a6ed8b0a.md	709	1759256451
boss/legacy_parent/inbox/query_20251001_012120_15195_2b273177.md	709	1759256481
boss/legacy_parent/inbox/query_20251001_012150_16821_2e0fe907.md	709	1759256511
boss/legacy_parent/inbox/query_20251001_012220_18537_f9372d17.md	709	1759256541
boss/legacy_parent/inbox/query_20251001_012250_20184_4635812a.md	709	1759256571
boss/legacy_parent/inbox/query_20251001_012320_21916_670ca81f.md	709	1759256609
boss/legacy_parent/inbox/query_20251001_012351_23395_1461d53d.md	709	1759256635
boss/legacy_parent/inbox/query_20251001_012421_24842_a375595c.md	709	1759256670
boss/legacy_parent/inbox/query_20251001_012451_26532_1b53f24f.md	709	1759256697
boss/legacy_parent/inbox/query_20251001_012522_28311_091e4272.md	709	1759256728
boss/legacy_parent/inbox/query_20251001_012552_31993_0cd442ed.md	709	1759256753
boss/legacy_parent/inbox/query_20251001_012622_33718_0f34d48a.md	709	1759256793
boss/legacy_parent/inbox/query_20251001_012653_35364_5c711eb5.md	709	1759256825
boss/legacy_parent/inbox/query_20251001_012723_36869_77ec6ab5.md	709	1759256854
boss/legacy_parent/inbox/query_20251001_012753_38295_ab12c47d.md	709	1759256874
boss/legacy_parent/inbox/query_20251001_012823_39899_640e9d4e.md	709	1759256904
boss/legacy_parent/inbox/query_20251001_012853_41581_90751664.md	709	1759256935
boss/legacy_parent/inbox/query_20251001_012924_43293_e0a38294.md	709	1759256965
boss/legacy_parent/inbox/query_20251001_012954_44976_73b252ce.md	709	1759256995
boss/legacy_parent/inbox/query_20251001_013024_46656_67c102d5.md	709	1759257025
boss/legacy_parent/inbox/query_20251001_013054_49018_e4ef9078.md	709	1759257055
boss/legacy_parent/inbox/query_20251001_013124_50745_e8b41658.md	709	1759257085
boss/legacy_parent/inbox/query_20251001_013154_52306_68dc441d.md	709	1759257115
boss/legacy_parent/inbox/query_20251001_013225_53961_2c380e83.md	709	1759257146
boss/legacy_parent/inbox/query_20251001_013255_55638_c9a73ed9.md	709	1759257175
boss/legacy_parent/inbox/query_20251001_013325_57364_94544d84.md	709	1759257205
boss/legacy_parent/inbox/query_20251001_013355_59064_4ce6f489.md	709	1759257236
boss/legacy_parent/inbox/query_20251001_013425_60775_a5b07560.md	709	1759257266
boss/legacy_parent/inbox/query_20251001_013455_62499_68b20a28.md	709	1759257295
boss/legacy_parent/inbox/query_20251001_013525_64261_15ce45d3.md	709	1759257325
boss/legacy_parent/inbox/query_20251001_013555_66346_f9b909e4.md	709	1759257356
boss/legacy_parent/inbox/query_20251001_013625_69288_8b9f1691.md	709	1759257386
boss/legacy_parent/inbox/query_20251001_013655_70961_c1c217eb.md	709	1759257416
boss/legacy_parent/inbox/query_20251001_013725_72737_693df511.md	709	1759257446
boss/legacy_parent/inbox/query_20251001_013755_74406_6c233817.md	709	1759257476
boss/legacy_parent/inbox/query_20251001_013825_76174_a5341c60.md	709	1759257506
boss/legacy_parent/inbox/query_20251001_013855_77861_36d22877.md	709	1759257536
boss/legacy_parent/inbox/query_20251001_013925_79343_00f5d395.md	709	1759257566
boss/legacy_parent/inbox/query_20251001_013955_80887_ee028e3e.md	709	1759257596
boss/legacy_parent/inbox/query_20251001_014026_82650_c05120f5.md	709	1759257627
boss/legacy_parent/inbox/query_20251001_014056_84941_bef3a38e.md	709	1759257657
boss/legacy_parent/inbox/query_20251001_014126_86669_b4a24c65.md	709	1759257687
boss/legacy_parent/inbox/query_20251001_014156_88353_b74baee5.md	709	1759257717
boss/legacy_parent/inbox/query_20251001_014226_90132_8dcd95dc.md	709	1759257746
boss/legacy_parent/inbox/query_20251001_014256_91828_7815a959.md	709	1759257777
boss/legacy_parent/inbox/query_20251001_014326_93154_8ff6074d.md	709	1759257807
boss/legacy_parent/inbox/query_20251001_014356_94840_2af331e6.md	709	1759257837
boss/legacy_parent/inbox/query_20251001_014427_96610_4cd85c45.md	709	1759257867
boss/legacy_parent/inbox/query_20251001_014457_98341_a56d3305.md	709	1759257898
boss/legacy_parent/inbox/query_20251001_014528_350_e824281a.md	707	1759257929
boss/legacy_parent/inbox/query_20251001_014558_2764_049b91d4.md	708	1759257958
boss/legacy_parent/inbox/query_20251001_014628_6043_cffcaf9a.md	708	1759257989
boss/legacy_parent/inbox/query_20251001_014658_7403_585847b9.md	708	1759258019
boss/legacy_parent/inbox/query_20251001_014728_9186_8ce9bbb2.md	708	1759258050
boss/legacy_parent/inbox/query_20251001_014759_10894_42c11662.md	709	1759258080
boss/legacy_parent/inbox/query_20251001_014829_12763_9c1c28eb.md	709	1759258111
boss/legacy_parent/inbox/query_20251001_014900_14517_28825709.md	709	1759258141
boss/legacy_parent/inbox/query_20251001_014930_16280_3f871209.md	709	1759258171
boss/legacy_parent/inbox/query_20251001_015000_18045_15b29fb8.md	709	1759258201
boss/legacy_parent/inbox/query_20251001_015031_19801_ba60e0b6.md	709	1759258232
boss/legacy_parent/inbox/query_20251001_015101_21904_435eda08.md	709	1759258262
boss/legacy_parent/inbox/query_20251001_015131_23455_27874db9.md	709	1759258292
boss/legacy_parent/inbox/query_20251001_015201_25183_edac7dc3.md	709	1759258322
boss/legacy_parent/inbox/query_20251001_015231_27057_8c132ade.md	709	1759258352
boss/legacy_parent/inbox/query_20251001_015301_28791_e0f93df4.md	709	1759258382
boss/legacy_parent/inbox/query_20251001_015331_30544_6348a280.md	709	1759258412
boss/legacy_parent/inbox/query_20251001_015401_32289_49c35216.md	709	1759258442
boss/legacy_parent/inbox/query_20251001_015431_34040_dc189021.md	709	1759258472
boss/legacy_parent/inbox/query_20251001_015501_35373_89dc7d3e.md	709	1759258503
boss/legacy_parent/inbox/query_20251001_015532_37168_05cb8196.md	709	1759258533
boss/legacy_parent/inbox/query_20251001_015602_38945_943428a6.md	709	1759258563
boss/legacy_parent/inbox/query_20251001_015632_41237_08e0a5c8.md	709	1759258593
boss/legacy_parent/inbox/query_20251001_015702_44570_2a2b76bd.md	709	1759258622
boss/legacy_parent/inbox/query_20251001_015732_46376_13f79657.md	709	1759258653
boss/legacy_parent/inbox/query_20251001_015802_48099_a2f42948.md	709	1759258683
boss/legacy_parent/inbox/query_20251001_015832_49871_b79d18c5.md	709	1759258712
boss/legacy_parent/inbox/query_20251001_015902_51537_90b53db6.md	709	1759258743
boss/legacy_parent/inbox/query_20251001_015932_52957_410a3e2c.md	709	1759258773
boss/legacy_parent/inbox/query_20251001_020002_54438_c4952220.md	709	1759258804
boss/legacy_parent/inbox/query_20251001_020033_56209_48c417a1.md	709	1759258834
boss/legacy_parent/inbox/query_20251001_020103_58023_e0181994.md	709	1759258864
boss/legacy_parent/inbox/query_20251001_020133_60327_a80194ee.md	709	1759258894
boss/legacy_parent/inbox/query_20251001_020203_62176_9d91f7eb.md	709	1759258924
boss/legacy_parent/inbox/query_20251001_020233_63573_58cfb20c.md	709	1759258953
boss/legacy_parent/inbox/query_20251001_020303_65288_e4f39103.md	709	1759258983
boss/legacy_parent/inbox/query_20251001_020333_67075_2213d163.md	709	1759259014
boss/legacy_parent/inbox/query_20251001_020403_68815_39dfdda7.md	709	1759259044
boss/legacy_parent/inbox/query_20251001_020433_70585_bbd29aa3.md	709	1759259074
boss/legacy_parent/inbox/query_20251001_020503_72339_60a4e205.md	709	1759259104
boss/legacy_parent/inbox/query_20251001_020533_74117_035fc8ba.md	709	1759259134
boss/legacy_parent/inbox/query_20251001_020603_75912_fb8c1934.md	709	1759259164
boss/legacy_parent/inbox/query_20251001_020633_77783_a85eb762.md	709	1759259195
boss/legacy_parent/inbox/query_20251001_020704_81092_4115d4fe.md	709	1759259227
boss/legacy_parent/inbox/query_20251001_020734_82951_4dc9b070.md	709	1759259255
boss/legacy_parent/inbox/query_20251001_020804_84690_0c1a4105.md	709	1759259285
boss/legacy_parent/inbox/query_20251001_020834_86456_bd5cb571.md	709	1759259315
boss/legacy_parent/inbox/query_20251001_020904_88197_a93ba794.md	709	1759259345
boss/legacy_parent/inbox/query_20251001_020934_89977_3b699e22.md	709	1759259375
boss/legacy_parent/inbox/query_20251001_021004_91715_586008a2.md	709	1759259405
boss/legacy_parent/inbox/query_20251001_021034_93074_980e853e.md	709	1759259435
boss/legacy_parent/inbox/query_20251001_021105_94886_8d6a05b4.md	709	1759259465
boss/legacy_parent/inbox/query_20251001_021135_97189_f64ff6a1.md	709	1759259496
boss/legacy_parent/inbox/query_20251001_021205_98962_1bf71063.md	709	1759259526
boss/legacy_parent/inbox/query_20251001_021235_1125_c96bf5a9.md	708	1759259556
boss/legacy_parent/inbox/query_20251001_021305_2932_20a4e875.md	708	1759259586
boss/legacy_parent/inbox/query_20251001_021335_4565_1d909bf2.md	708	1759259616
boss/legacy_parent/inbox/query_20251001_021405_6071_dc4d94cf.md	708	1759259646
boss/legacy_parent/inbox/query_20251001_021435_7922_ed0e035b.md	708	1759259676
boss/legacy_parent/inbox/query_20251001_021505_9718_6bf28910.md	708	1759259706
boss/legacy_parent/inbox/query_20251001_021535_11514_f9d25969.md	709	1759259742
boss/legacy_parent/inbox/query_20251001_021606_13384_c8f1d4cb.md	709	1759259767
boss/legacy_parent/inbox/query_20251001_021636_15724_1c1e582e.md	709	1759259796
boss/legacy_parent/inbox/query_20251001_021706_17469_59311e76.md	709	1759259827
boss/legacy_parent/inbox/query_20251001_021736_20657_0d0e68f9.md	709	1759259857
boss/legacy_parent/inbox/query_20251001_021806_22464_d5aaeb83.md	709	1759259887
boss/legacy_parent/inbox/query_20251001_021836_24437_e71804c1.md	709	1759259917
boss/legacy_parent/inbox/query_20251001_021907_26622_6e50b3c2.md	709	1759259947
boss/legacy_parent/inbox/query_20251001_021937_29040_c318c39d.md	709	1759259977
boss/legacy_parent/inbox/query_20251001_022007_31365_7d65bec6.md	709	1759260007
boss/legacy_parent/inbox/query_20251001_022037_33249_cf3d0890.md	709	1759260038
boss/legacy_parent/inbox/query_20251001_022107_35614_1b4a7c58.md	709	1759260068
boss/legacy_parent/inbox/query_20251001_022137_38455_f08663f0.md	709	1759260098
boss/legacy_parent/inbox/query_20251001_022207_40828_de754803.md	709	1759260128
boss/legacy_parent/inbox/query_20251001_022237_43213_7b73ab46.md	709	1759260158
boss/legacy_parent/inbox/query_20251001_022308_45244_7d291e21.md	709	1759260189
boss/legacy_parent/inbox/query_20251001_022338_47409_6dad9fc3.md	709	1759260219
boss/legacy_parent/inbox/query_20251001_022408_49542_88222dfa.md	709	1759260249
boss/legacy_parent/inbox/query_20251001_022438_51727_4f315e0e.md	709	1759260279
boss/legacy_parent/inbox/query_20251001_022508_54062_7f7237e2.md	709	1759260309
boss/legacy_parent/inbox/query_20251001_022538_56008_bd5533b1.md	709	1759260339
boss/legacy_parent/inbox/query_20251001_022608_58367_906067ef.md	709	1759260368
boss/legacy_parent/inbox/query_20251001_022638_60835_b83a3340.md	709	1759260399
boss/legacy_parent/inbox/query_20251001_022708_63592_912fb675.md	709	1759260429
boss/legacy_parent/inbox/query_20251001_022738_67103_7e52dc0f.md	709	1759260459
boss/legacy_parent/inbox/query_20251001_022808_70193_fc3238d0.md	709	1759260489
boss/legacy_parent/inbox/query_20251001_022839_72465_4465c6e9.md	709	1759260520
boss/legacy_parent/inbox/query_20251001_022909_74465_c209f7cc.md	709	1759260549
boss/legacy_parent/inbox/query_20251001_022939_76807_011fdad5.md	709	1759260580
boss/legacy_parent/inbox/query_20251001_023004_79072_2a3e986f.md	709	1759260605
boss/legacy_parent/inbox/query_20251001_023004_79089_3807c5a6.md	709	1759260605
boss/legacy_parent/inbox/query_20251001_023007_79172_00dd3476.md	709	1759260607
boss/legacy_parent/inbox/query_20251001_023015_79832_d79910c5.md	709	1759260617
boss/legacy_parent/inbox/query_20251001_023045_82116_ef9ef285.md	709	1759260646
boss/legacy_parent/inbox/query_20251001_023115_84135_5801e92b.md	709	1759260676
boss/legacy_parent/inbox/query_20251001_023145_86920_46bf438a.md	709	1759260706
boss/legacy_parent/inbox/query_20251001_023215_89361_32a41ea6.md	709	1759260737
boss/legacy_parent/inbox/query_20251001_023246_91738_3b5e61b9.md	709	1759260767
boss/legacy_parent/inbox/query_20251001_023316_94083_82ce583e.md	709	1759260796
boss/legacy_parent/inbox/query_20251001_023346_96448_a43fd484.md	709	1759260827
boss/legacy_parent/inbox/query_20251001_023416_98385_c7821407.md	709	1759260856
boss/legacy_parent/inbox/query_20251001_023446_1057_e88535a2.md	708	1759260887
boss/legacy_parent/inbox/query_20251001_023516_3429_cb8caeaf.md	708	1759260917
boss/legacy_parent/inbox/query_20251001_023546_5792_31e8ffa1.md	708	1759260947
boss/legacy_parent/inbox/query_20251001_023616_8192_c738d5ba.md	708	1759260979
boss/legacy_parent/inbox/query_20251001_023646_10391_f094c594.md	709	1759261007
boss/legacy_parent/inbox/query_20251001_023716_13022_93c796c9.md	709	1759261037
boss/legacy_parent/inbox/query_20251001_023746_15427_9330a3b4.md	709	1759261067
boss/legacy_parent/inbox/query_20251001_023816_19368_9320d41e.md	709	1759261097
boss/legacy_parent/inbox/query_20251001_023846_21756_f2d0ae86.md	709	1759261127
boss/legacy_parent/inbox/query_20251001_023917_24107_3786a175.md	709	1759261158
boss/legacy_parent/inbox/query_20251001_023947_26514_2ae9eee6.md	709	1759261187
boss/legacy_parent/inbox/query_20251001_024017_28510_0f6f7dd4.md	709	1759261218
boss/legacy_parent/inbox/query_20251001_024047_30886_a6dc71c3.md	709	1759261248
boss/legacy_parent/inbox/query_20251001_024117_33302_16e22fc3.md	709	1759261277
boss/legacy_parent/inbox/query_20251001_024147_35717_eb778d61.md	709	1759261308
boss/legacy_parent/inbox/query_20251001_024217_38582_c3123a17.md	709	1759261338
boss/legacy_parent/inbox/query_20251001_024247_41057_c35ed1bf.md	709	1759261368
boss/legacy_parent/inbox/query_20251001_024317_43359_8228e3d0.md	709	1759261398
boss/legacy_parent/inbox/query_20251001_024348_45367_3caa8d9e.md	709	1759261429
boss/legacy_parent/inbox/query_20251001_024418_47752_d6819e58.md	709	1759261460
boss/legacy_parent/inbox/query_20251001_024449_50165_dccfd5ef.md	709	1759261490
boss/legacy_parent/inbox/query_20251001_024519_52602_ce5af401.md	709	1759261521
boss/legacy_parent/inbox/query_20251001_024550_54905_22a86322.md	709	1759261551
boss/legacy_parent/inbox/query_20251001_024620_57085_92397e0d.md	709	1759261581
boss/legacy_parent/inbox/query_20251001_024650_59534_097b2011.md	709	1759261612
boss/legacy_parent/inbox/query_20251001_024721_62422_66959943.md	709	1759261641
boss/legacy_parent/inbox/query_20251001_024751_64423_e495c958.md	709	1759261672
boss/legacy_parent/inbox/query_20251001_024821_67909_6080fc72.md	709	1759261702
boss/legacy_parent/inbox/query_20251001_024851_70710_ba155c53.md	709	1759261732
boss/legacy_parent/inbox/query_20251001_024921_73154_85595974.md	709	1759261762
boss/legacy_parent/inbox/query_20251001_024951_75559_b4bd4623.md	709	1759261792
boss/legacy_parent/inbox/query_20251001_025022_77948_27d4b542.md	709	1759261823
boss/legacy_parent/inbox/query_20251001_025052_79907_c9fcab0e.md	709	1759261853
boss/legacy_parent/inbox/query_20251001_025122_82351_f950583e.md	709	1759261883
boss/legacy_parent/inbox/query_20251001_025152_84744_949c365a.md	709	1759261913
boss/legacy_parent/inbox/query_20251001_025222_87695_ef47f580.md	709	1759261942
boss/legacy_parent/inbox/query_20251001_025252_90114_65a90278.md	709	1759261973
boss/legacy_parent/inbox/query_20251001_025322_92492_c9655aa9.md	709	1759262003
boss/legacy_parent/inbox/query_20251001_025352_94772_87c88d3f.md	709	1759262034
boss/legacy_parent/inbox/query_20251001_025423_96868_0c30cddf.md	709	1759262064
boss/legacy_parent/inbox/query_20251001_025453_99238_1fdd7501.md	709	1759262094
boss/legacy_parent/inbox/query_20251001_025523_2022_226e7793.md	708	1759262124
boss/legacy_parent/inbox/query_20251001_025553_4395_05c6f2d8.md	708	1759262154
boss/legacy_parent/inbox/query_20251001_025623_6864_a53f0944.md	708	1759262184
boss/legacy_parent/inbox/query_20251001_025653_9253_20dd2f1a.md	708	1759262214
boss/legacy_parent/inbox/query_20251001_025723_11404_219bec51.md	709	1759262245
boss/legacy_parent/inbox/query_20251001_025754_14240_f7b85ed0.md	709	1759262275
boss/legacy_parent/inbox/query_20251001_025824_16709_19bf01aa.md	709	1759262305
boss/legacy_parent/inbox/query_20251001_025854_19105_e4f2bdf4.md	709	1759262334
boss/legacy_parent/inbox/query_20251001_025924_22850_f4af918d.md	709	1759262369
boss/legacy_parent/inbox/query_20251001_025954_25095_e945ba38.md	709	1759262395
boss/legacy_parent/inbox/query_20251001_030024_28383_f87c107b.md	709	1759262425
boss/legacy_parent/inbox/query_20251001_030054_32587_7ab0acbb.md	709	1759262455
boss/legacy_parent/inbox/query_20251001_030124_35128_d4c28b14.md	709	1759262485
boss/legacy_parent/inbox/query_20251001_030154_37538_e41c022c.md	709	1759262515
boss/legacy_parent/inbox/query_20251001_030225_40005_075b2e47.md	709	1759262546
boss/legacy_parent/inbox/query_20251001_030255_42543_cb3153e5.md	709	1759262576
boss/legacy_parent/inbox/query_20251001_030325_45036_50aa1850.md	709	1759262606
boss/legacy_parent/inbox/query_20251001_030355_47464_3d9408e9.md	709	1759262636
boss/legacy_parent/inbox/query_20251001_030425_49888_1b1bae76.md	709	1759262666
boss/legacy_parent/inbox/query_20251001_030455_51954_0e76bfeb.md	709	1759262696
boss/legacy_parent/inbox/query_20251001_030525_54464_2621820e.md	709	1759262726
boss/legacy_parent/inbox/query_20251001_030555_56785_fd50c411.md	709	1759262756
boss/legacy_parent/inbox/query_20251001_030625_58937_0a6fef80.md	709	1759262786
boss/legacy_parent/inbox/query_20251001_030655_61423_3b6ab78a.md	709	1759262816
boss/legacy_parent/inbox/query_20251001_030725_63967_45e3e657.md	709	1759262846
boss/legacy_parent/inbox/query_20251001_030755_66937_2b1516b4.md	709	1759262876
boss/legacy_parent/inbox/query_20251001_030825_69425_e6ae9c1c.md	709	1759262907
boss/legacy_parent/inbox/query_20251001_030856_71851_c8dc9d66.md	709	1759262936
boss/legacy_parent/inbox/query_20251001_030926_74251_e8cf8401.md	709	1759262967
boss/legacy_parent/inbox/query_20251001_030956_77998_6714b6f4.md	709	1759262998
boss/legacy_parent/inbox/query_20251001_031026_80556_d6d534af.md	709	1759263026
boss/legacy_parent/inbox/query_20251001_031056_83010_893cbf70.md	709	1759263057
boss/legacy_parent/inbox/query_20251001_031126_85567_8103aa8a.md	709	1759263087
boss/legacy_parent/inbox/query_20251001_031156_88023_ca8160bd.md	709	1759263116
boss/legacy_parent/inbox/query_20251001_031226_90388_297436c4.md	709	1759263147
boss/legacy_parent/inbox/query_20251001_031256_93125_7627fc42.md	709	1759263177
boss/legacy_parent/inbox/query_20251001_031326_95656_96ad8a2e.md	709	1759263207
boss/legacy_parent/inbox/query_20251001_031356_98108_9828f934.md	709	1759263238
boss/legacy_parent/inbox/query_20251001_031427_918_89c9c9d2.md	707	1759263268
boss/legacy_parent/inbox/query_20251001_031457_3400_d014f25a.md	708	1759263298
boss/legacy_parent/inbox/query_20251001_031527_5928_313dc235.md	708	1759263328
boss/legacy_parent/inbox/query_20251001_031558_8374_a47cbeea.md	708	1759263359
boss/legacy_parent/inbox/query_20251001_031628_10483_b073e96e.md	709	1759263389
boss/legacy_parent/inbox/query_20251001_031658_13021_94d6d8ea.md	709	1759263419
boss/legacy_parent/inbox/query_20251001_031728_15568_d2086cd9.md	709	1759263448
boss/legacy_parent/inbox/query_20251001_031758_18547_d335acde.md	709	1759263478
boss/legacy_parent/inbox/query_20251001_031828_21072_d42d53a9.md	709	1759263509
boss/legacy_parent/inbox/query_20251001_031858_23540_435894b6.md	709	1759263539
boss/legacy_parent/inbox/query_20251001_031928_26044_7fec82ca.md	709	1759263569
boss/legacy_parent/inbox/query_20251001_031958_28743_989003c7.md	709	1759263599
boss/legacy_parent/inbox/query_20251001_032028_32248_b048c6f1.md	709	1759263629
boss/legacy_parent/inbox/query_20251001_032058_34752_8daad8ce.md	709	1759263659
boss/legacy_parent/inbox/query_20251001_032128_37229_4e047f49.md	709	1759263689
boss/legacy_parent/inbox/query_20251001_032158_39240_78541580.md	709	1759263719
boss/legacy_parent/inbox/query_20251001_032228_41775_43d32f59.md	709	1759263750
boss/legacy_parent/inbox/query_20251001_032259_44748_ea0e1997.md	709	1759263780
boss/legacy_parent/inbox/query_20251001_032329_46870_b36e1915.md	709	1759263810
boss/legacy_parent/inbox/query_20251001_032359_49323_3812d0a2.md	709	1759263840
boss/legacy_parent/inbox/query_20251001_032429_51868_eb3c31b6.md	709	1759263870
boss/legacy_parent/inbox/query_20251001_032459_54315_fc956d40.md	709	1759263900
boss/legacy_parent/inbox/query_20251001_032529_56825_6be3e08b.md	709	1759263930
boss/legacy_parent/inbox/query_20251001_032559_59268_c2736cb1.md	709	1759263960
boss/legacy_parent/inbox/query_20251001_032629_61586_bf4ad73a.md	709	1759263990
boss/legacy_parent/inbox/query_20251001_032659_63897_4824486b.md	709	1759264024
boss/legacy_parent/inbox/query_20251001_032729_66490_2eb627fc.md	709	1759264050
boss/legacy_parent/inbox/query_20251001_032759_69689_da324554.md	709	1759264079
boss/legacy_parent/inbox/query_20251001_032829_72279_740e6909.md	709	1759264110
boss/legacy_parent/inbox/query_20251001_032859_74809_ef3af8dd.md	709	1759264140
boss/legacy_parent/inbox/query_20251001_032930_77143_ae8fa02d.md	709	1759264171
boss/legacy_parent/inbox/query_20251001_033000_79839_983575d8.md	709	1759264201
boss/legacy_parent/inbox/query_20251001_033030_84211_fc6bcc9d.md	709	1759264231
boss/legacy_parent/inbox/query_20251001_033100_86815_fa965a9e.md	709	1759264261
boss/legacy_parent/inbox/query_20251001_033131_89354_7cb8e376.md	709	1759264292
boss/legacy_parent/inbox/query_20251001_033201_91856_d3e93955.md	709	1759264321
boss/legacy_parent/inbox/query_20251001_033231_94460_e49ffb06.md	709	1759264352
boss/legacy_parent/inbox/query_20251001_033301_96618_de7c13a1.md	709	1759264382
boss/legacy_parent/inbox/query_20251001_033331_99667_65337dae.md	709	1759264412
boss/legacy_parent/inbox/query_20251001_033401_2515_1dc2056c.md	708	1759264442
boss/legacy_parent/inbox/query_20251001_033431_5108_eb016c91.md	708	1759264472
boss/legacy_parent/inbox/query_20251001_033501_7583_c2df7d47.md	708	1759264502
boss/legacy_parent/inbox/query_20251001_033531_10073_eb81f0ee.md	709	1759264532
boss/legacy_parent/inbox/query_20251001_033601_12304_11526dab.md	709	1759264562
boss/legacy_parent/inbox/query_20251001_033632_14956_43acdf47.md	709	1759264593
boss/legacy_parent/inbox/query_20251001_033702_17548_454252f4.md	709	1759264625
boss/legacy_parent/routing.rules.yml	7076	1759238527
boss/memory/index.md	1468	1760123078
boss/outbox/.gitkeep	0	1759848692
boss/reports/index.md	10607	1760123078
boss/sent/.gitkeep	0	1759848692
boss/sent/REPORT_2025-10-03_fastvlm_port_fix.md	5955	1759848692
boss/sent/REPORT_2025-10-03_stream_mode_setup.md	4758	1759848692
boss/sent/system_AUDIT_20251004_2015.md	2839	1759998482
boss/sent/system_CHANGELOG-2025-10-04.md	3842	1760001105
boss/sent/system_CLC_CLI_DEPLOYMENT_REPORT.md	6081	1759998482
boss/sent/system_CODEX_BRANCHES.next.2126.txt	218	1760001105
boss/sent/system_CODEX_BRANCHES.next.txt	218	1760001105
boss/sent/system_CODEX_BRANCHES.next3.txt	83	1760001105
boss/sent/system_CODEX_BRANCHES.priority.txt	843	1760001105
boss/sent/system_CODEX_BRANCHES_20251004_2109.txt	1736	1760001105
boss/sent/system_CODEX_INTEGRATION_DEPLOYMENT_VERIFICATION.md	2227	1760001105
boss/sent/system_CODEX_MERGE_PLAN_251004_2106.md	1627	1759998482
boss/sent/system_CODEX_MERGE_TRAIN_SUMMARY_20251004_2115.md	1811	1759998482
boss/sent/system_CODEX_MERGE_TRAIN_UPDATED_20251004_2120.md	2453	1759998482
boss/sent/system_CURSOR_READINESS_2025-10-04.md	162	1760001105
boss/sent/system_CURSOR_READINESS_2025-10-05.md	1614	1760001105
boss/sent/system_DELEGATION_SYSTEM_MAP_251007_2200.md	22466	1759998482
boss/sent/system_DEPLOYMENT_STATUS_FINAL.md	7824	1759998482
boss/sent/system_DOC_REFRESH_2025-10-04.md	201	1759998482
boss/sent/system_DRIVE_RECOVERY_VERIFICATION_251004_2051.md	1192	1759998482
boss/sent/system_DUAL_MEMORY_READY_2025-10-04.md	483	1760001105
boss/sent/system_E2E_VERIFICATION_251005_035800.md	11838	1759998482
boss/sent/system_FROZEN_SESSIONS_ANALYSIS.md	12808	1759998482
boss/sent/system_GITIGNORE_IMPROVEMENT_2025-10-05_0335.md	1174	1759998482
boss/sent/system_IMPROVEMENT_20251004_2026.md	608	1759998482
boss/sent/system_INDEX.md	747	1759998482
boss/sent/system_LAUNCHAGENT_DIAGNOSIS_COMPLETE.md	7480	1759998482
boss/sent/system_MCP_AUTOSTART_DEPLOYMENT_COMPLETE.md	3929	1759998482
boss/sent/system_MCP_DEPLOYMENT_COMPLETE.md	6422	1759998482
boss/sent/system_MCP_FS_HEALTH_251005_2027.md	891	1759998482
boss/sent/system_MEMORY_MERGE_LOG_20251004_194505.md	119	1759998482
boss/sent/system_MEMORY_MERGE_LOG_20251005_024620.md	322	1759998482
boss/sent/system_MEMORY_MERGE_LOG_20251006_011638.md	451	1759998482
boss/sent/system_MERGE_TRAIN_20251004_2114.md	201	1759998482
boss/sent/system_MERGE_TRAIN_251004_2128.md	1023	1759998482
boss/sent/system_MERGE_TRAIN_251004_2136_batch2_cont.md	1042	1759998482
boss/sent/system_MERGE_TRAIN_251004_2139_batch2_continue2.md	757	1759998482
boss/sent/system_MERGE_TRAIN_251004_2145_batch2_continue3.md	808	1759998482
boss/sent/system_MERGE_TRAIN_251005_1704_batch2_continue4.md	1030	1759998482
boss/sent/system_MERGE_TRAIN_251005_1815_batch2_complete.md	267	1759998482
boss/sent/system_OUTSTANDING_TASKS_DASHBOARD.md	6307	1759998482
boss/sent/system_P2.1_ERROR_CLEANUP_251007_0345.md	9144	1759998482
boss/sent/system_P3_FINAL_CLEANUP_251007_0456.md	10002	1759998482
boss/sent/system_PRIORITY_FIXES_251005_042000.md	9439	1759998482
boss/sent/system_PRODUCTION_DEPLOYMENT_251004_2055.md	1322	1759998482
boss/sent/system_PROD_SNAPSHOT_251004_2126.md	752	1759998482
boss/sent/system_P_FINAL_100PCT_251007_1300.md	9873	1759998482
boss/sent/system_P_FINAL_PART2_HUMAN_DASHBOARD_251007_2140.md	11781	1759998482
boss/sent/system_REASONING_MODEL_WIRE_2025-10-04.md	276	1759998482
boss/sent/system_REASONING_MODEL_WIRE_2025-10-05.md	1451	1759998482
boss/sent/system_SAVE_COMMAND_FIX_251008_0141.md	14201	1759998482
boss/sent/system_SELF_HEALING_SETUP_251004_2054.md	952	1759998482
boss/sent/system_SELF_HEALING_SETUP_251004_2055.md	952	1759998482
boss/sent/system_SESSION_CLOSURE_251005_035500.md	9832	1759998482
boss/sent/system_SNAPSHOT_2025-10-04.md	430	1760001105
boss/sent/system_SNAPSHOT_251004_2043.md	818	1759998482
boss/sent/system_STRUCTURE_IMPROVEMENT_251008_0353.md	9493	1759998482
boss/sent/system_SYSTEM_STATE_2025-10-05_FULL.md	3506	1760001105
boss/sent/system_TASK_BUS_DEPLOYMENT.md	3820	1759998482
boss/sent/system_TASK_BUS_VERIFICATION.md	9487	1759998482
boss/sent/system_TEST_REPORT_BATCH2_MERGE_20251005_1955.md	3601	1759998482
boss/sent/system_VERIFICATION_OVERCLAIM_CHECK.md	5659	1759998482
boss/sent/system_memory_snapshot_20251004_1920.md	4703	1760001105
docs/02luka.md	6875	1760001105
docs/AUTOSTART_CONFIG.md	6334	1760001105
docs/BREAKGLASS.md	2001	1760001105
docs/CHAT_WINDOW_README.md	2652	1760001105
docs/CODEx_INSTRUCTIONS.md	297	1760001105
docs/CONTEXT_ENGINEERING.md	3456	1760001105
docs/DEPLOY.md	3446	1760001105
docs/MANUAL_SETUP_CHECKLIST.md	1419	1760001105
docs/MCP_FINAL_CONFIG.md	3457	1760001105
docs/MCP_SIMPLIFIED_CONFIG.md	4378	1760001105
docs/MIGRATION_OCT2025.md	403	1760120690
docs/ONBOARDING_BOSS.md	1586	1760001105
docs/REMOTE_ACCESS.md	3018	1759848692
docs/REPOSITORY_STRUCTURE.md	17228	1760001105
docs/SECRETS_SETUP.md	1097	1760001105
docs/TASK_BUS_SYSTEM.md	12771	1760001105
docs/architecture.md	339	1759848692
docs/chatgpt_native_app.md	4140	1759848692
docs/context/LOCAL_AGENTS.md	7621	1760122926
docs/persistent_change_workflow.md	1633	1759848692
g/DELEGATION_QUICK_REF.md	7840	1760001105
g/FILE_DISCOVERY_PROTOCOL.md	8240	1760001105
g/bridge/task_bus_bridge.py	5532	1760001105
g/bridges/memory_index.yml	159	1759848692
g/connectors/mcp_anthropic.js	3096	1759848692
g/connectors/mcp_openai.js	2912	1759848692
g/fixed_launchagents/com.02luka.mcp.fs.plist	879	1760001105
g/fixed_launchagents/com.02luka.task.bus.bridge.plist	974	1760001105
g/manuals/CODEX_INTEGRATION_TEMPLATES.md	3936	1759848692
g/manuals/RETENTION_AND_ALERTS.md	4557	1760030085
g/reports/.gitkeep	0	1759848692
g/reports/251009_1707_ops-menu.md	1256	1760041184
g/reports/251009_1804_ops-implementation.md	3828	1760030150
g/reports/251009_1837_ops-backfill-agents.md	5221	1760031467
g/reports/251010_0045_ops-boss-daily-html.md	6751	1760033493
g/reports/251010_0048_ops-menu-complete.md	7620	1760033572
g/reports/251010_0052_outstanding-tasks.md	5905	1760038836
g/reports/AGENT_VALUE_AUDIT_251005_0248.json	25784	1759848692
g/reports/AUDIT_20251004_2015.md	2839	1760001105
g/reports/CHANGELOG-2025-10-04.md	3842	1760001105
g/reports/CLC_CLI_DEPLOYMENT_REPORT.md	6081	1760001105
g/reports/CODEX_BRANCHES.next.2126.txt	218	1760001105
g/reports/CODEX_BRANCHES.next.txt	218	1760001105
g/reports/CODEX_BRANCHES.next3.txt	83	1760001105
g/reports/CODEX_BRANCHES.priority.txt	843	1760001105
g/reports/CODEX_BRANCHES_20251004_2109.txt	1736	1760001105
g/reports/CODEX_INTEGRATION_DEPLOYMENT_VERIFICATION.md	2227	1760001105
g/reports/CODEX_MERGE_PLAN_251004_2106.md	1627	1760001105
g/reports/CODEX_MERGE_TRAIN_SUMMARY_20251004_2115.md	1811	1760001105
g/reports/CODEX_MERGE_TRAIN_UPDATED_20251004_2120.md	2453	1760001105
g/reports/CURSOR_READINESS_2025-10-04.md	162	1760001105
g/reports/CURSOR_READINESS_2025-10-05.md	1614	1760001105
g/reports/DELEGATION_SYSTEM_MAP_251007_2200.md	22466	1760001105
g/reports/DEPLOYMENT_STATUS_FINAL.md	7824	1760001105
g/reports/DOC_REFRESH_2025-10-04.md	201	1760001105
g/reports/DRIVE_RECOVERY_VERIFICATION_251004_2051.md	1192	1760001105
g/reports/DUAL_MEMORY_READY_2025-10-04.md	483	1760001105
g/reports/E2E_VERIFICATION_251005_035800.md	11838	1760001105
g/reports/FROZEN_SESSIONS_ANALYSIS.md	12808	1760001105
g/reports/GITIGNORE_IMPROVEMENT_2025-10-05_0335.md	1174	1760001105
g/reports/IMPROVEMENT_20251004_2026.md	608	1760001105
g/reports/INDEX.md	747	1760001105
g/reports/LAUNCHAGENT_DIAGNOSIS_COMPLETE.md	7480	1760001105
g/reports/MCP_AUTOSTART_DEPLOYMENT_COMPLETE.md	3929	1760001105
g/reports/MCP_DEPLOYMENT_COMPLETE.md	6422	1760001105
g/reports/MCP_FS_HEALTH_251005_2027.md	891	1760001105
g/reports/MEMORY_MERGE_LOG_20251004_194505.md	119	1759914738
g/reports/MEMORY_MERGE_LOG_20251005_024620.md	322	1759914738
g/reports/MEMORY_MERGE_LOG_20251006_011638.md	451	1759914738
g/reports/MERGE_TRAIN_20251004_2114.md	201	1760001105
g/reports/MERGE_TRAIN_251004_2128.md	1023	1760001105
g/reports/MERGE_TRAIN_251004_2136_batch2_cont.md	1042	1760001105
g/reports/MERGE_TRAIN_251004_2139_batch2_continue2.md	757	1760001105
g/reports/MERGE_TRAIN_251004_2145_batch2_continue3.md	808	1760001105
g/reports/MERGE_TRAIN_251005_1704_batch2_continue4.md	1030	1760001105
g/reports/MERGE_TRAIN_251005_1815_batch2_complete.md	267	1760001105
g/reports/OUTSTANDING_TASKS_DASHBOARD.md	6307	1760001105
g/reports/P2.1_ERROR_CLEANUP_251007_0345.md	9144	1760001105
g/reports/P3_FINAL_CLEANUP_251007_0456.md	10002	1760001105
g/reports/PRIORITY_FIXES_251005_042000.md	9439	1760001105
g/reports/PRODUCTION_DEPLOYMENT_251004_2055.md	1322	1760001105
g/reports/PROD_SNAPSHOT_251004_2126.md	752	1760001105
g/reports/P_FINAL_100PCT_251007_1300.md	9873	1760001105
g/reports/P_FINAL_PART2_HUMAN_DASHBOARD_251007_2140.md	11781	1760001105
g/reports/REASONING_MODEL_WIRE_2025-10-04.md	276	1760001105
g/reports/REASONING_MODEL_WIRE_2025-10-05.md	1451	1760001105
g/reports/SAVE_COMMAND_FIX_251008_0141.md	14201	1760001105
g/reports/SELF_HEALING_SETUP_251004_2054.md	952	1760001105
g/reports/SELF_HEALING_SETUP_251004_2055.md	952	1760001105
g/reports/SESSION_CLOSURE_251005_035500.md	9832	1760001105
g/reports/SNAPSHOT_2025-10-04.md	430	1760001105
g/reports/SNAPSHOT_251004_2043.md	818	1760001105
g/reports/STRUCTURE_IMPROVEMENT_251008_0353.md	9493	1760001105
g/reports/SYSTEM_STATE_2025-10-05_FULL.md	3506	1760001105
g/reports/TASK_BUS_DEPLOYMENT.md	3820	1760001105
g/reports/TASK_BUS_VERIFICATION.md	9487	1760001105
g/reports/TEST_REPORT_BATCH2_MERGE_20251005_1955.md	3601	1760001105
g/reports/VERIFICATION_OVERCLAIM_CHECK.md	5659	1760001105
g/reports/memory_autosave/autosave_20251004_193917.md	468	1759848692
g/reports/memory_autosave/autosave_20251004_194118.md	468	1759606878
g/reports/memory_autosave/autosave_20251004_194333.md	518	1759607013
g/reports/memory_autosave/autosave_20251004_195526.md	79	1759607726
g/reports/memory_autosave/autosave_20251004_195906.md	79	1759607946
g/reports/memory_autosave/autosave_20251004_200918.md	214	1759608558
g/reports/memory_autosave/autosave_20251004_201156.md	214	1759608716
g/reports/memory_autosave/autosave_20251004_201329.md	214	1759608809
g/reports/memory_autosave/autosave_20251004_201831.md	214	1759609111
g/reports/memory_autosave/autosave_20251004_203851.md	214	1759610331
g/reports/memory_autosave/autosave_20251004_204325.md	214	1759610605
g/reports/memory_autosave/autosave_20251004_204510.md	214	1759610710
g/reports/memory_autosave/autosave_20251004_204633.md	214	1759610793
g/reports/memory_autosave/autosave_20251004_204942.md	4711	1759610982
g/reports/memory_autosave/autosave_20251004_204959.md	4711	1759610999
g/reports/memory_autosave/autosave_20251004_205127.md	4711	1759611087
g/reports/memory_autosave/autosave_20251004_205207.md	4711	1759611127
g/reports/memory_autosave/autosave_20251004_205351.md	4711	1759611231
g/reports/memory_autosave/autosave_20251004_205432.md	4711	1759611272
g/reports/memory_autosave/autosave_20251004_205443.md	4711	1759611283
g/reports/memory_autosave/autosave_20251004_205529.md	4711	1759611329
g/reports/memory_autosave/autosave_20251004_205554.md	4711	1759611354
g/reports/memory_autosave/autosave_20251004_210711.md	4711	1759612031
g/reports/memory_autosave/autosave_20251004_211552.md	4711	1759612552
g/reports/memory_autosave/autosave_20251004_212013_b67264a126bad2b1f46facebc78f6769d2f6af206616bcf8323474f7fdeca28e_3af4ee51088d-38040.md	5025	1759612813
g/reports/memory_autosave/autosave_20251005_182947_100bcbcd9be0ec258a8ec69afbf6455fb20647df9ad8857fdc6f5658e619eabd_3af4ee51088d-14772.md	8962	1759688987
g/reports/memory_autosave/autosave_20251007_133257_fb1ec43c27c67b12dfd417e04c4f0f10dec96f23771baeb70a11796696ca2177_3af4ee51088d-69343.md	10384	1759843977
g/reports/memory_snapshot_20251004_1920.md	4703	1760001105
g/reports/proof/251008_0231_EVIDENCE.md	7281	1760001105
g/reports/proof/251008_0231_proof.md	438	1760001105
g/reports/proof/251008_0257_MOVEPLAN.tsv	7333	1760001105
g/reports/proof/251008_0257_MOVEPLAN.tsv.undo.zsh	37	1760001105
g/reports/proof/251008_0301_ANALYSIS.md	4398	1760001105
g/reports/proof/251008_0301_proof.md	438	1760001105
g/reports/proof/251008_0341_SUCCESS.md	5660	1760001105
g/reports/proof/251008_0341_TREE.txt	4340	1760001105
g/reports/proof/251008_0341_proof.md	437	1760001105
g/reports/proof/251008_0353_proof.md	437	1760001105
g/reports/proof/251008_1229_proof.md	437	1760001105
g/reports/proof/251008_1244_proof.md	437	1760001105
g/reports/proof/251008_1246_proof.md	437	1760001105
g/reports/proof/251008_1250_proof.md	437	1760001105
g/reports/proof/251008_1516_proof.md	437	1760001105
g/reports/proof/251008_1529_proof.md	437	1760001105
g/reports/proof/251008_1607_proof.md	437	1760001105
g/reports/proof/251008_2030_proof.md	439	1760001105
g/reports/proof/251008_2031_proof.md	447	1760001105
g/reports/proof/251008_2032_proof.md	445	1760001105
g/reports/proof/251008_2129_proof.md	447	1760001105
g/reports/proof/251009_0653_proof.md	447	1760001105
g/reports/proof/251011_0154_proof.md	445	1760122454
g/reports/proof/251011_0157_proof.md	445	1760122681
g/reports/proof/251011_0202_proof.md	445	1760122932
g/reports/proof/251011_0216_parent_files.txt	319125	1760123788
g/reports/proof/251011_0216_parent_sha256.txt	2402	1760123846
g/reports/proof/251011_0216_repo_files.txt	10795	1760123788
g/reports/proof/251011_0222_parent_files.txt	319125	1760124141
g/reports/proof/251011_0222_parent_sha256.txt	2402	1760124142
g/reports/proof/251011_0222_repo_files.txt	10929	1760124141
g/reports/proof/251011_0228_parent_files.txt	319125	1760124501
g/reports/proof/251011_0228_parent_sha256.txt	2402	1760124501
g/reports/proof/251011_0228_repo_files.txt	16403	1760124501
g/reports/proof/251011_0258_parent_manifest.tsv	395955	1760126302
g/reports/proof/251011_0258_repo_manifest.tsv	0	1760126302
g/reports/proof/MOVEPLAN_ROOT_ONLY.tsv	2497	1760001105
g/reports/proof/MOVEPLAN_ROOT_ONLY.tsv.undo.zsh	37	1760001105
g/tests/ui/ui.smoke.spec.ts	385	1760001105
g/tools/automated_discovery_merge.sh	777	1760001105
g/tools/autosave_dashboard.sh	5108	1760001105
g/tools/clc	7634	1760001105
g/tools/clc_gate.sh	1321	1759848693
g/tools/cleanup_broken_agents.sh	1547	1759848693
g/tools/context_engine.sh	1901	1759848693
g/tools/embed_text.py	2536	1760001105
g/tools/emit_codex_truth.sh	4224	1759848693
g/tools/emit_task_event.sh	1349	1760001105
g/tools/fix_cursor_lag.sh	1707	1759848693
g/tools/fix_launchagent_paths.sh	9338	1759848693
g/tools/install_master_prompt.sh	4214	1759848693
g/tools/mapping_drift_guard.sh	3443	1759848693
g/tools/mcp_fs_server.py	2053	1760001105
g/tools/mcp_fs_stub.py	1087	1760001105
g/tools/mcp_health.sh	1046	1759848693
g/tools/model_router.sh	3075	1759848693
g/tools/ocr_typhoon.py	2936	1760001105
g/tools/path_resolver.sh	1091	1759848693
g/tools/quick_plist_audit.sh	943	1759848693
g/tools/smart_plist_fix.sh	5710	1759848693
g/tools/task_bus_control.sh	1242	1760001105
g/tools/taskwrap.sh	526	1760001105
g/web/404.html	25556	1760001105
g/web/chat-launcher.html	3468	1760001105
g/web/chat-window.html	20040	1760001105
g/web/index.html	186	1760001105
g/web/index_optimized.html	414	1759848693
g/web/luka.html	34740	1760001105
g/web/luka_working.html	6269	1760001105
